-- phpMyAdmin SQL Dump
-- version 3.4.5
-- http://www.phpmyadmin.net
--
-- المزود: localhost
-- أنشئ في: 01 ديسمبر 2013 الساعة 18:18
-- إصدارة المزود: 5.5.16
--  PHP إصدارة: 5.3.8

SET SQL_MODE="NO_AUTO_VALUE_ON_ZERO";
SET time_zone = "+00:00";


/*!40101 SET @OLD_CHARACTER_SET_CLIENT=@@CHARACTER_SET_CLIENT */;
/*!40101 SET @OLD_CHARACTER_SET_RESULTS=@@CHARACTER_SET_RESULTS */;
/*!40101 SET @OLD_COLLATION_CONNECTION=@@COLLATION_CONNECTION */;
/*!40101 SET NAMES utf8 */;

--
-- قاعدة البيانات: `users`
--

-- --------------------------------------------------------

--
-- بنية الجدول `bab`
--

CREATE TABLE IF NOT EXISTS `bab` (
  `babid` int(11) NOT NULL,
  `babname` text CHARACTER SET utf8 NOT NULL,
  PRIMARY KEY (`babid`)
) ENGINE=InnoDB DEFAULT CHARSET=latin1;

--
-- إرجاع أو استيراد بيانات الجدول `bab`
--

INSERT INTO `bab` (`babid`, `babname`) VALUES
(1, 'الباب الاول اجور وتعويضات العاملين'),
(2, 'الباب الثاني نفقات على السلع والخدمات'),
(3, 'الباب الثالث الاعانات والمنح والمنافع الاجتماعية'),
(4, 'الباب الرابع اكتساب الاصول الغير مالية'),
(5, 'الباب الخامس اكتساب الاصول المالية وتسديدات الخصوم');

-- --------------------------------------------------------

--
-- بنية الجدول `bab_res`
--

CREATE TABLE IF NOT EXISTS `bab_res` (
  `Num_babid` int(11) NOT NULL,
  `Name_bab` text CHARACTER SET cp1256 NOT NULL,
  PRIMARY KEY (`Num_babid`)
) ENGINE=InnoDB DEFAULT CHARSET=latin1;

--
-- إرجاع أو استيراد بيانات الجدول `bab_res`
--

INSERT INTO `bab_res` (`Num_babid`, `Name_bab`) VALUES
(60, 'dfd');

-- --------------------------------------------------------

--
-- بنية الجدول `band`
--

CREATE TABLE IF NOT EXISTS `band` (
  `babid` int(11) NOT NULL,
  `fsid` int(11) NOT NULL,
  `bndid` int(11) NOT NULL,
  `bndname` text CHARACTER SET cp1256 NOT NULL,
  PRIMARY KEY (`babid`,`fsid`,`bndid`)
) ENGINE=InnoDB DEFAULT CHARSET=latin1;

--
-- إرجاع أو استيراد بيانات الجدول `band`
--

INSERT INTO `band` (`babid`, `fsid`, `bndid`, `bndname`) VALUES
(1, 1, 1, 'البند الاول المرتبات الأساسية '),
(1, 1, 2, 'المرتبات والأجور التعاقدية والمؤقتة '),
(1, 1, 3, 'البند الثالث  المكاّفات وأجور العمل الاضافي'),
(1, 1, 4, 'البند الرابع  البدلات'),
(1, 2, 1, 'البند الاول  مساهمات الضمان الاجتماعي'),
(1, 2, 2, 'البند الثاني  المساهمات الاجتماعية المحتسبة'),
(1, 2, 3, 'البند الثالث  مسهمات اجتماعية أخرى'),
(2, 1, 1, 'البند الاول خدمات المرافق '),
(2, 1, 2, 'البند الثاني  مستلزمات المكاتب '),
(2, 1, 3, 'البند الثالث الاتصالات'),
(2, 1, 4, 'البند الرابع  الضيافة '),
(2, 1, 5, 'البند الخامس  نقل وانتقالات عامة.........الخ '),
(2, 1, 6, 'البند السادس المساهمات وحقوق الملكية الأخرى'),
(2, 1, 7, 'البند السابع  البند السابع'),
(2, 1, 8, 'البند الثامن البند السابع'),
(2, 2, 1, 'صيانة البنية الاساسية'),
(2, 2, 2, 'البند الثاني صيانة المرافق العامة'),
(2, 2, 3, 'البند الثالث  صيانة مباني وتحسينات صغيرة'),
(2, 3, 1, 'البند الاول إطفاء أوراق مالية محلية بخلاف الأسهم'),
(2, 3, 2, 'البند الثاني سداد القروض المحلية'),
(2, 3, 3, 'البند الثالث أوراق مالية محلية أخرى بخلاف الأسهم'),
(2, 4, 1, 'البند الاول إطفاء أوراق مالية خارجية بخلاف الأسهم'),
(2, 4, 2, 'البند الثاني سداد القروض الخارجية'),
(2, 4, 3, 'البند الثالث  سداد قروض خارجية أخرى'),
(2, 5, 1, 'البند الاول ززززززززز'),
(3, 1, 1, 'البند الاول الأعانات المالية للمؤسسات العامة غير المالية'),
(3, 1, 2, 'البند الثاني  االأعانات المالية للمؤسسات العامة المالية'),
(3, 1, 3, 'البند الثالث  الأعانات المالية للمؤسسات ومشاريع أخرى'),
(3, 2, 1, 'البند الاول منح لحكومات خارجية'),
(3, 2, 2, 'البند الثاني  منح لمنظمات دولية'),
(3, 2, 3, 'البند الثالث  منح لمستويات حكومية أخرى'),
(3, 3, 1, 'البند الاول الضمان الجتماعي'),
(3, 3, 2, 'البند الثاني المساعدات الاجتماعية لغير الموظفين'),
(3, 3, 3, 'البند الثالث  المنافع الاجتماعية للموطفين'),
(3, 4, 1, 'البند الاول التحويلات للمؤسسات المقيمة غير الهادفة للربح التي تخدم الأسر المعيشية'),
(3, 4, 2, 'البند الثاني التحويلات للمؤسسات غير المقيمة غير الهادفة للربح التي تخدم الأسر المعيشية'),
(3, 4, 3, 'البند الثالث التحويلات الراسمالية للمؤسسات السوقية المقيمة'),
(3, 4, 4, 'البند الرابع التحويلات الراسمالية للمؤسسات السوقية غير المقيمة'),
(3, 4, 5, 'البند الخامس  التحويلات الراسمالية لقطاع السر والأفراد'),
(3, 4, 6, 'البند السادس تحويلات وإعانات مالية أخرى'),
(4, 1, 1, 'البند الاول اكتساب المباني و الانشاءاتالمرتبات الاساسية'),
(4, 1, 2, 'البند الثاني  اكتساب الماكينات والمعدات'),
(4, 1, 3, 'البند الثالث  اكتساب اصول ثابتة أخرى'),
(4, 2, 1, 'البند الاول اكتساب المخزن الاستراتيجي'),
(4, 2, 2, 'البند الثاني اكتساب مخزونات أخرى'),
(4, 3, 1, 'البند الاول اكتساب الأراضي'),
(4, 3, 2, 'البناكتساب الأصول الجوفيةد الثاني '),
(4, 3, 3, 'البند الثالث اكتساب أصول غير منتجة غير منظورة'),
(4, 3, 4, 'البند الرابع اكتساب أصول غير منتجة أخرى'),
(5, 1, 1, 'البند الاول الاقراص المحلي واكتساب أصول مالية محلية'),
(5, 1, 2, 'البند الثاني الاقراص المحلي واكتساب أصول مالية محلية'),
(5, 1, 3, 'البند الثالث المساهمات وحقوق الملكية الاخرى'),
(5, 2, 1, 'البند الاول اكتساب أوراق مالية خارجية بخلاف الأسهم'),
(5, 2, 2, 'البند الثاني الاقراص الخارجية'),
(5, 2, 3, 'البند الثالث المساهمات الاخرى'),
(5, 3, 1, 'البند الاول إطفاء أوراق مالية محلية بخلاف الاسهم'),
(5, 3, 2, 'البند الثاني سداد الاقروض المحلية'),
(5, 4, 1, 'البند الاول إطفاء أوراق مالية خارجية بخلاف الاسهم'),
(5, 4, 2, 'البند الثاني سداد الاقروض الخارجية'),
(5, 5, 1, 'اكتساب الأصول المالية وتسديدات الخصوم');

-- --------------------------------------------------------

--
-- بنية الجدول `band_res`
--

CREATE TABLE IF NOT EXISTS `band_res` (
  `Num_babid` int(11) NOT NULL,
  `Num_faslid` int(11) NOT NULL,
  `Num_bandid` int(11) NOT NULL,
  `Name_band` text CHARACTER SET cp1256 NOT NULL,
  PRIMARY KEY (`Num_babid`,`Num_faslid`,`Num_bandid`)
) ENGINE=InnoDB DEFAULT CHARSET=latin1;

--
-- إرجاع أو استيراد بيانات الجدول `band_res`
--

INSERT INTO `band_res` (`Num_babid`, `Num_faslid`, `Num_bandid`, `Name_band`) VALUES
(1, 2, 1, 'الضرائب على دخل الأفراد'),
(1, 2, 2, 'الضرائب على دخل الشركات والمشروعات '),
(1, 2, 3, 'ضرائب دخل أخرى'),
(1, 3, 1, 'الضرائب على رواتب وأجور القوى العاملة'),
(1, 4, 1, 'الضرائب المتكررة على الممتلكات غير المنقولة'),
(1, 4, 2, 'الضرائب المتكررة على صافي الثروة'),
(1, 4, 3, 'الضرائب على المعاملات المالية والرأسمالية'),
(1, 4, 4, 'ضرائب غير متكررة أخرى على الملكية'),
(1, 4, 5, 'ضرائب متكررة أخرى على الملكية'),
(1, 5, 1, 'الضريبة العامة على مبيعات السلع والخدمات'),
(1, 5, 2, 'أرباح احتكارات الدولة المالية'),
(1, 5, 3, 'الضرائب على الخدمات النوعية'),
(1, 5, 4, 'الضرائب على استخدام السلع والتراخيص باستخدامها وتأدية الأنشطة'),
(1, 5, 5, 'ضرائب أخرى على السلع والخدمات'),
(1, 6, 1, 'الرسوم الجمركية '),
(1, 6, 2, 'رسوم استيراد أخرى'),
(1, 6, 3, 'الضرائب على الصادرات'),
(1, 6, 4, 'أرباح احتكارات التصدير أو الاستيراد'),
(1, 6, 5, 'أرباح الصرف'),
(1, 6, 6, 'الضرائب على عمليات الصرف'),
(1, 6, 7, 'ضرائب أخرى على التجارة والمعاملات الدولية'),
(1, 7, 1, 'ضرائب أخرى مدفوعة من شركات الأعمال'),
(1, 7, 2, 'ضرائب أخرى بخلاف المدفوعة من شركات الأعمال'),
(2, 1, 1, 'منح جارية من حكومات خارجية'),
(2, 1, 2, 'منح رأسمالية من حكومات خارجية'),
(2, 2, 1, 'منح جارية من منظمات دولية'),
(2, 2, 2, 'منح رأسمالية من منظمات دولية'),
(2, 3, 1, 'منح جارية من  مستويات حكومية أخرى'),
(2, 3, 2, 'منح رأسمالية من مستويات حكومية أخرى'),
(3, 1, 1, 'الفوائد'),
(3, 1, 2, ' حصة الحكومة من فائض أرباح المؤسسات العامة المالية وغير المالية'),
(3, 1, 3, 'المسحوبات من دخل أشباه الشركات'),
(3, 1, 4, 'الريــع'),
(3, 2, 1, 'مبيعات المنشآت السوقية'),
(3, 2, 2, 'الرسوم الإدارية'),
(3, 2, 3, 'مبيعات عرضية للمنشآت غير السوقية'),
(3, 2, 4, 'مبيعات محتسبة للسلع والخدمات'),
(3, 3, 1, 'إيرادات الجزاءات'),
(3, 3, 2, 'الغرامات والمصادرات'),
(3, 3, 3, 'الغرامات والجزاءات والمصادرات الأخرى'),
(3, 4, 1, 'التحويلات الطوعية الجارية بخلاف المنح'),
(3, 4, 2, 'التحويلات الطوعية الرأسمالية بخلاف المنح'),
(3, 5, 1, 'إيرادات أخرى متنوعة'),
(4, 1, 1, 'مبيعات المباني والإنشاءات'),
(4, 1, 2, 'مبيعات الماكينات والمعدات'),
(4, 1, 3, 'مبيعات أصول ثابتة أخرى'),
(4, 2, 1, 'مبيعات المخزون الاستراتيجي'),
(4, 2, 2, 'مبيعات مخزونات أخرى'),
(4, 3, 1, 'مبيعات الأراضي'),
(4, 3, 2, 'مبيعات الأصول الجوفية'),
(4, 3, 3, 'مبيعات أصول غير منتجة غير منظورة'),
(4, 3, 4, 'مبيعات أصول غير منتجة أخرى'),
(5, 1, 1, 'متحصلات أوراق مالية محلية بخلاف الأسهم'),
(5, 1, 2, 'متحصلات الإقراض المحلي '),
(5, 1, 3, 'المتحصلات من بيع الأسهم وحقوق الملكية الأخرى'),
(5, 2, 1, 'متحصلات أوراق مالية خارجية بخلاف الأسهم'),
(5, 2, 2, 'متحصلات الإقراض الخارجي '),
(5, 2, 3, 'المتحصلات من بيع الأسهم وحقوق الملكية الأخرى'),
(5, 3, 1, 'إصدار أوراق مالية محلية بخلاف الأسهم'),
(5, 3, 2, 'الإقتراض المحلي'),
(5, 4, 1, 'إصدار أوراق مالية خارجية بخلاف الأسهم'),
(5, 4, 2, 'الإقتراض الخارجي'),
(5, 5, 1, 'النقد والودائع المحلية'),
(5, 5, 2, 'النقد والودائع الخارجية');

-- --------------------------------------------------------

--
-- بنية الجدول `data`
--

CREATE TABLE IF NOT EXISTS `data` (
  `astmid` int(11) NOT NULL AUTO_INCREMENT,
  `bain` text NOT NULL,
  `deta` date NOT NULL,
  `babid` int(11) NOT NULL,
  `faslid` int(11) NOT NULL,
  `bandid` int(11) NOT NULL,
  `typeid` int(11) NOT NULL,
  `sum` int(11) NOT NULL,
  PRIMARY KEY (`astmid`)
) ENGINE=InnoDB  DEFAULT CHARSET=latin1 AUTO_INCREMENT=101 ;

--
-- إرجاع أو استيراد بيانات الجدول `data`
--

INSERT INTO `data` (`astmid`, `bain`, `deta`, `babid`, `faslid`, `bandid`, `typeid`, `sum`) VALUES
(2, 'Ø§Ù„Ø§Ø¬ÙˆØ± ÙˆØ§Ù„ØªØ¹ÙˆÙŠØ¶Ø§Øª', '2013-10-10', 1, 2, 1, 2, 12000),
(3, 'Ø§Ù„Ø§Ø¬ÙˆØ± ÙˆØ§Ù„ØªØ¹ÙˆÙŠØ¶Ø§Øª', '2013-10-10', 3, 3, 2, 1, 2000),
(4, 'hhhhhhh', '0100-01-01', 1, 6, 6, 6, 1000),
(5, 'Ø§Ù„Ù…Ø³Ø§Ù‡Ù…Ø§Øª ÙˆØ­Ù‚ÙˆÙ‚ Ø§Ù„Ù…Ù„ÙƒÙŠØ© Ø§Ù„Ø£Ø®Ø±Ù‰ ÙÙŠ Ø§Ù„Ù…Ø¤Ø³Ø³Ø§Øª Ø§Ù„Ø¹Ø§Ù…Ø© ØºÙŠØ± Ø§Ù„Ù…Ø§Ù„ÙŠØ© Ø§Ù„Ù…Ø­Ù„ÙŠØ©', '2013-10-02', 2, 1, 2, 1, 30000),
(6, 'Ø¥Ø·ÙØ§Ø¡ Ø£ÙˆØ±Ø§Ù‚ Ù…Ø§Ù„ÙŠØ© Ù…Ø­Ù„ÙŠØ© Ø¨Ø®Ù„Ø§Ù Ø§Ù„Ø£Ø³Ù‡Ù…', '2013-09-04', 5, 4, 2, 1, 35000),
(7, 'Ø§ÙƒØªØ³Ø§Ø¨ Ø§Ù„Ù…Ø¨Ø§Ù†ÙŠ ÙˆØ§Ù„Ø¥Ù†Ø´Ø§Ø¡Ø§Øª ', '2013-09-05', 4, 2, 1, 1, 15000),
(8, 'ddddd', '2002-09-09', 1, 2, 2, 2, 2000),
(9, 'Ø§ÙƒØªØ³Ø§Ø¨ Ø§Ù„Ù…Ø±ÙƒØ¨Ø§Øª ÙˆÙˆØ³Ø§Ø¦Ù„ Ø§Ù„Ù†Ù‚Ù„', '2013-09-07', 4, 1, 2, 2, 55000),
(10, 'ddddd', '2002-09-09', 1, 2, 2, 2, 1500),
(11, 'Ø§ÙƒØªØ³Ø§Ø¨ Ø£Ø±Ø§Ø¶ÙŠ ØªØ¬Ø§Ø±ÙŠØ©', '2013-09-09', 4, 2, 2, 1, 35000),
(12, 'Ø§Ù„Ø§ØµÙˆÙ„ Ø§Ù„Ù…Ø§Ù„ÙŠØ© ÙˆØ§Ù„ØªØ´ØºÙŠÙ„ÙŠØ©', '2013-10-10', 2, 2, 1, 2, 14000),
(13, 'ddddd', '2002-09-09', 2, 2, 2, 2, 212129),
(14, 'Ø§Ù„Ø¥Ù‚Ø±Ø§Ø¶ Ø§Ù„Ø®Ø§Ø±Ø¬ÙŠ', '2013-10-09', 5, 3, 2, 3, 11000),
(15, 'Ø§Ù„Ø¥Ù‚Ø±Ø§Ø¶ Ø§Ù„Ø®Ø§Ø±Ø¬ÙŠ', '2013-10-09', 2, 3, 2, 4, 12000),
(16, 'Ø§Ù„Ø§Ø¹Ø§Ù†Ø§Øª ÙˆØ§Ù„Ù…Ù†Ø­ ÙˆØ§Ù„Ù…Ù†Ø§ÙØ¹ Ø§Ù„Ø§Ø¬ØªÙ…Ø§Ø¹ÙŠØ©', '2013-11-01', 3, 3, 2, 5, 10000),
(17, 'Ø§Ù„Ù…Ø³Ø§Ø¹Ø¯Ø§Øª Ø§Ù„Ø§Ø¬ØªÙ…Ø§Ø¹ÙŠØ© Ù„ØºÙŠØ± Ø§Ù„Ù…ÙˆØ¸ÙÙŠÙ†', '2013-11-07', 3, 3, 2, 2, 23000),
(18, 'ghgh', '2013-10-10', 2, 2, 2, 2, 19000),
(22, 'Ø§Ù„Ø§Ø¬ÙˆØ± ÙˆØ§Ù„ØªØ¹ÙˆÙŠØ¶Ø§Øª', '2013-09-04', 3, 2, 1, 2, 545),
(23, 'Ø¥Ø·ÙØ§Ø¡ Ø£ÙˆØ±Ø§Ù‚ Ù…Ø§Ù„ÙŠØ© Ù…Ø­Ù„ÙŠØ© Ø¨Ø®Ù„Ø§Ù Ø§Ù„Ø£Ø³Ù‡Ù…', '2013-09-03', 2, 3, 1, 3, 1400),
(24, 'Ø§ÙƒØªØ³Ø§Ø¨ Ø£Ø±Ø§Ø¶ÙŠ ØªØ¬Ø§Ø±ÙŠØ©', '2004-01-17', 2, 4, 2, 1, 30909),
(26, 'ahmed', '2013-09-04', 1, 4, 2, 4, 19000),
(27, 'fgfdfhjj', '2013-09-03', 2, 2, 2, 2, 10000),
(28, 'Ø§ÙƒØªØ³Ø§Ø¨ Ø£Ø±Ø§Ø¶ÙŠ ØªØ¬Ø§Ø±ÙŠØ©', '2004-01-17', 2, 2, 1, 3, 19000),
(31, 'bvnbvn', '2013-10-24', 2, 3, 3, 3, 19000),
(32, 'bvnbvn', '2013-10-24', 1, 1, 2, 2, 1800),
(43, 'Ø§Ù„Ø§Ø¬ÙˆØ± ÙˆØ§Ù„ØªØ¹ÙˆÙŠØ¶Ø§Øª', '2013-09-03', 3, 2, 2, 2, 19000),
(44, 'ddddd', '2002-09-09', 2, 2, 2, 2, 212129),
(45, 'ewew', '2002-02-02', 1, 2, 3, 2, 33),
(51, 'Ø¹Ø¨Ø¯Ø§Ù„Ù„Ù‡ Ø®Ø¶ÙŠØ±', '2013-11-16', 1, 2, 1, 2, 10000),
(55, 'Ø¹Ø¨Ø¯Ø§Ù„Ù„Ù‡ Ø®Ø¶ÙŠØ±', '2004-11-16', 1, 2, 1, 2, 10000),
(66, 'ddddd', '2002-09-09', 2, 2, 2, 2, 212129),
(71, 'ddddddd', '2013-11-22', 2, 5, 1, 2, 1000),
(77, 'ddddddd', '2013-11-22', 2, 5, 1, 2, 12000),
(100, 'fffff', '2013-11-17', 1, 2, 2, 2, 19000);

-- --------------------------------------------------------

--
-- بنية الجدول `datatsw`
--

CREATE TABLE IF NOT EXISTS `datatsw` (
  `tsw_id` int(11) NOT NULL AUTO_INCREMENT,
  `bain_tsw` text NOT NULL,
  `deta_tsw` date NOT NULL,
  `bab_tsw` int(11) NOT NULL,
  `fasl_tsw` int(11) NOT NULL,
  `band_tsw` int(11) NOT NULL,
  `type_tsw` int(11) NOT NULL,
  `sum_tsw` int(11) NOT NULL,
  PRIMARY KEY (`tsw_id`)
) ENGINE=InnoDB  DEFAULT CHARSET=latin1 AUTO_INCREMENT=56 ;

--
-- إرجاع أو استيراد بيانات الجدول `datatsw`
--

INSERT INTO `datatsw` (`tsw_id`, `bain_tsw`, `deta_tsw`, `bab_tsw`, `fasl_tsw`, `band_tsw`, `type_tsw`, `sum_tsw`) VALUES
(1, 'amal', '2012-02-01', 2, 2, 3, 1, 12000),
(2, 'Ø§Ù„Ø§Ø§Ù„Ø§Ù„Ø§Ù„Ø§Ù„Ø§Ù„Ø§Ø§Ù„Ø§Ø§Ù„', '2013-09-07', 3, 3, 2, 2, 12000),
(4, 'kanoon the ', '2013-10-05', 3, 2, 1, 1, 1233),
(5, 'fffffff', '2002-02-02', 2, 3, 2, 2, 6666),
(6, 'bbbbb', '2002-02-02', 2, 2, 1, 1, 444),
(7, 'ggggppppp', '0000-00-00', 2, 3, 2, 3, 65665),
(12, 'gamal', '2013-10-05', 2, 3, 2, 5, 12000),
(13, 'ammmmm', '2013-10-05', 1, 1, 2, 2, 121),
(55, 'Ø¹Ø¨Ø¯Ø§Ù„Ù„Ù‡ Ø®Ø¶ÙŠØ±', '2013-11-16', 2, 1, 3, 2, 12000);

-- --------------------------------------------------------

--
-- بنية الجدول `data_resurs`
--

CREATE TABLE IF NOT EXISTS `data_resurs` (
  `Num_tsw` int(11) NOT NULL,
  `Baian_text` text NOT NULL,
  `Date_tsw` date NOT NULL,
  `Bab_rs` int(11) NOT NULL,
  `Fasl_rs` int(11) NOT NULL,
  `Band_rs` int(11) NOT NULL,
  `Type_rs` int(11) NOT NULL,
  `Sum_rs` int(50) NOT NULL,
  PRIMARY KEY (`Num_tsw`)
) ENGINE=InnoDB DEFAULT CHARSET=latin1;

--
-- إرجاع أو استيراد بيانات الجدول `data_resurs`
--

INSERT INTO `data_resurs` (`Num_tsw`, `Baian_text`, `Date_tsw`, `Bab_rs`, `Fasl_rs`, `Band_rs`, `Type_rs`, `Sum_rs`) VALUES
(1, '?§?„?§?¬?ˆ?± ?ˆ?§?„???¹?ˆ???¶?§??', '2013-10-10', 1, 2, 3, 2, 19000),
(2, 'ahmed', '2013-10-10', 2, 2, 2, 2, 10000),
(3, '?§?„?¥?‚?±?§?¶ ?§?„?®?§?±?¬??', '2013-09-03', 2, 2, 1, 3, 12000),
(4, 'gamal', '2013-09-05', 1, 2, 1, 2, 1400),
(5, 'salm', '2013-09-07', 3, 3, 2, 2, 10000),
(6, 'ghgh', '2013-09-08', 1, 6, 7, 2, 22),
(7, '?§?ƒ???³?§?¨ ?£?±?§?¶?? ???¬?§?±???©', '2004-01-17', 1, 6, 3, 2, 2400),
(8, '?§?„?¥?‚?±?§?¶ ?§?„?®?§?±?¬??', '2013-09-05', 3, 2, 2, 1, 5000),
(9, '?§?„?¥?‚?±?§?¶ ?§?„?®?§?±?¬??', '2013-09-04', 1, 2, 1, 2, 70000),
(10, '?§?„?§?¬?ˆ?± ?ˆ?§?„???¹?ˆ???¶?§??', '2013-09-03', 2, 1, 2, 3, 60000),
(11, 'Ø§ÙƒØªØ³Ø§Ø¨ Ø£Ø±Ø§Ø¶ÙŠ ØªØ¬Ø§Ø±ÙŠØ©', '2013-09-05', 1, 5, 2, 1, 3000);

-- --------------------------------------------------------

--
-- بنية الجدول `fasl_res`
--

CREATE TABLE IF NOT EXISTS `fasl_res` (
  `Num_babid` int(11) NOT NULL,
  `Num_faslid` int(11) NOT NULL,
  `Name_fasl` text CHARACTER SET cp1256 NOT NULL,
  PRIMARY KEY (`Num_babid`,`Num_faslid`)
) ENGINE=InnoDB DEFAULT CHARSET=latin1;

--
-- إرجاع أو استيراد بيانات الجدول `fasl_res`
--

INSERT INTO `fasl_res` (`Num_babid`, `Num_faslid`, `Name_fasl`) VALUES
(1, 1, 'الضرائب على الدخل والأرباح والمكاسب الرأسمالية'),
(1, 2, 'الضرائب على رواتب وأجور القوى العاملة'),
(1, 3, 'الضرائب على الملكية'),
(1, 4, 'الضرائب على السلع والخدمات'),
(1, 5, 'الضرائب على التجارة والمعاملات الدولية'),
(1, 6, 'ضرائب أخـرى'),
(2, 1, 'منح من حكومات خارجية'),
(2, 2, 'منح من منظمات دولية'),
(2, 3, 'منح من مستويات حكومية أخرى'),
(3, 1, 'دخل الملكية'),
(3, 2, 'مبيعات السلع والخدمات'),
(3, 3, 'الغرامات والجزاءات والمصادرات'),
(3, 4, 'التحويلات الطوعية بخلاف المنح'),
(3, 5, 'إيرادات أخرى متنوعة'),
(4, 1, 'التصرف في الأصول الثابتة'),
(4, 2, 'التصرف في  المخزونات'),
(4, 3, 'التصرف في الأصول غير المنتجة '),
(5, 1, 'متحصلات الإقراض المحلي والتصرف في الأصول المالية المحلية'),
(5, 2, 'متحصلات الإقراض الخارجي والتصرف في الأصول المالية الخارجية'),
(5, 3, 'الإقتراض المحلي وإصدار أوراق مالية محلية بخلاف الأسهم'),
(5, 4, 'الإقتراض الخارجي وإصدار أوراق مالية خارجية بخلاف الأسهم'),
(5, 5, 'النقد والودائع');

-- --------------------------------------------------------

--
-- بنية الجدول `fsw`
--

CREATE TABLE IF NOT EXISTS `fsw` (
  `babid` int(11) NOT NULL,
  `fsid` int(11) NOT NULL,
  `fsname` text NOT NULL,
  PRIMARY KEY (`babid`,`fsid`)
) ENGINE=InnoDB DEFAULT CHARSET=cp1256;

--
-- إرجاع أو استيراد بيانات الجدول `fsw`
--

INSERT INTO `fsw` (`babid`, `fsid`, `fsname`) VALUES
(1, 1, 'الفصل الاول'),
(1, 2, '????? ??????: ????????? ?????????'),
(2, 1, '????? ????? ????'),
(2, 2, '????? ??????  ???????'),
(2, 3, '????? ?????? ????? ????????'),
(2, 4, '????? ?????? ??????? ????? ????'),
(2, 5, '????? ?????? ????? ??? ????????? ????? ???????'),
(3, 1, '????? ????? :???????? ???????'),
(3, 2, '????? ?????? :?????'),
(3, 3, '????? ?????? ??????? ??????????'),
(3, 4, '????? ??????:??????? ??????? ????? ????'),
(4, 1, '????? ?????: ?????? ?????? ???????'),
(4, 2, '????? ??????:?????? ?????????'),
(4, 3, '????? ??????:?????? ?????? ??? ???????'),
(5, 1, '????? ?????:??????? ?????? ??????? ???? ????? ?????'),
(5, 2, '????? ??????:??????? ??????? ??????? ???? ????? ??????'),
(5, 3, '????? ??????:???? ?????? ??????? ?????? ??????? ??????? ??????? ????? ??????'),
(5, 4, '????? ??????:???? ?????? ??????? ?????? ??????? ??????? ???????? ????? ??????'),
(5, 5, '????? ??????');

-- --------------------------------------------------------

--
-- بنية الجدول `type`
--

CREATE TABLE IF NOT EXISTS `type` (
  `babid` int(11) NOT NULL,
  `fsid` int(11) NOT NULL,
  `bndid` int(11) NOT NULL,
  `typid` int(11) NOT NULL,
  `typename` text CHARACTER SET cp1256 NOT NULL,
  PRIMARY KEY (`babid`,`fsid`,`bndid`,`typid`)
) ENGINE=InnoDB DEFAULT CHARSET=latin1;

--
-- إرجاع أو استيراد بيانات الجدول `type`
--

INSERT INTO `type` (`babid`, `fsid`, `bndid`, `typid`, `typename`) VALUES
(1, 1, 1, 1, 'النوع الاول المرتبات الأساسية '),
(1, 1, 2, 1, 'البند الاول المرتبات المتعاقدين'),
(1, 1, 2, 2, 'البند الثاني مرتبات المدرسين غير اليمنيين'),
(1, 1, 2, 3, 'البند الثالث اجور تعاقدية مؤقتة'),
(1, 1, 3, 1, 'البند الاول اجور العمل الاضافي'),
(1, 1, 3, 2, 'البند الثاني المكآفات'),
(1, 1, 4, 1, 'البند الاول بدل طبيعة عمل'),
(1, 1, 4, 2, 'البند الثاني بدل مظهر'),
(1, 1, 4, 3, 'البند الثالث بدل ريف'),
(1, 1, 4, 4, 'البند الرابع بدل سكن'),
(1, 1, 4, 5, 'البند الخامس بدل تحديث'),
(1, 1, 5, 1, 'المزاياء العينية'),
(1, 2, 1, 1, 'البند الاول المساهمة الحكومية في الضمان الاجتماعي'),
(1, 2, 1, 2, 'البند الثاني المساهمة الحكومية في نظم رعايةالاجتماعية'),
(1, 2, 2, 1, 'البند الاول المساهمة الاجتماعية المحتسبةفي نظم الضمان الاجتماعي'),
(1, 2, 2, 2, 'البند الثاني المساهمات الاجتماعية المحتسبة في نظم رعاية الاجتماعية'),
(1, 2, 3, 1, 'البند الاول حصة الحكومة في معاشات التقاعد'),
(1, 2, 3, 2, 'البند الثاني حصة الحكومة في التامينات الاجتماعية'),
(2, 1, 1, 1, 'النوع الاول مياة'),
(2, 1, 1, 2, 'النوع الثاني انارة'),
(2, 1, 2, 1, 'النوع الاول ادوات كتابية وكتب ومطبوعات'),
(2, 1, 3, 1, 'النوع الاول نشر واعلان ومجلات وجرائد'),
(2, 1, 3, 2, 'النوع الثاني البريد والاتصالات'),
(2, 1, 4, 1, 'النوع الاول مؤتمرات واحتفالات وضيافة'),
(2, 1, 4, 2, 'النوع الثاني نفقات ذات طابع خاص'),
(2, 1, 4, 3, 'النوع الثالث نفقات النظافة'),
(2, 1, 4, 4, 'النوع الرابع نفقات اخرى'),
(2, 1, 5, 1, 'النوع الاول نقل مهمات'),
(2, 1, 5, 2, 'النوع الثاني انتقالات داخلية'),
(2, 1, 5, 3, 'النوع الثالث حضور مؤتمرات وانتقالات خارجية'),
(2, 1, 6, 1, 'النوع الاول ايجار مباني'),
(2, 1, 6, 2, 'النوع الثاني ايجار الالات والمعدات والاجهزة'),
(2, 1, 6, 3, 'النوع الثالث ايجارات اخرى'),
(2, 1, 7, 1, 'النوع الاول نفقات البحوث والتطوير'),
(2, 1, 7, 2, 'النوع الثاني نفقات التدريب المحلي'),
(2, 1, 7, 3, 'النوع الثالث نفقات التدريب الخارجي'),
(2, 1, 8, 1, 'النوع الاول ادوية ومستلزمات طبية ومواد اولية ومساندة'),
(2, 1, 8, 2, 'النوع الثاني اغذية وملبوسات'),
(2, 1, 8, 3, ' النوع الثالث نفقات اخرى'),
(2, 2, 1, 1, 'النوع الاول صيانة الطرق والجسور'),
(2, 2, 1, 2, 'النوع الثاني صيانة المرافق العامة'),
(2, 2, 1, 3, 'النوع الثالث صيانة مباني وتحسينات صغيرة'),
(2, 2, 2, 1, 'النوع الاول وقود وزيوت'),
(2, 2, 2, 2, 'النوع الثاني قطع غيار وصيانة وسايل النقل'),
(2, 2, 2, 3, 'النوع الثالث صيانة وقطع غيار الالاتوالمعدات والاثاث'),
(2, 2, 3, 1, 'النوع الاول مصروفات تشغيل اخرى'),
(2, 3, 1, 1, 'النوع الاول السندات طويلة الاجل (بخلاف السهم)'),
(2, 3, 1, 2, 'البند الثاني السندات والاذونات قصيرة الاجل(بحلاف الاسهم)'),
(2, 3, 1, 3, 'النوع الثالث قروض طويلة الاجل'),
(2, 3, 1, 4, 'النوع الرابع قروض وسلف قصيرة الاجل'),
(2, 3, 1, 5, 'النوع الخامس  اوراق مالية وتجارية والتزامات اخرى'),
(2, 3, 2, 1, 'النوع الاول السندات طويلة الاجل(بخلاف الاسهم)'),
(2, 3, 2, 2, 'النوع الثاني السندات والاذونات قصيرة الاجل بخلاف الاسهم'),
(2, 3, 2, 3, 'النوع الثالث قروض طويلة الاجل '),
(2, 3, 2, 4, ' النوع الرابع قروض وسلف قصيرة الاجل'),
(2, 3, 2, 5, 'النوع الخامس اوراق مالية وتجارية والتزامات اخرى'),
(2, 3, 3, 1, 'النوع الاول السندات طويلة الاجل بخلاف الاسهم'),
(2, 3, 3, 2, 'النوع الثاني  السندات والاذونات قصيرة الاجل بخلاف الاسهم'),
(2, 3, 3, 3, 'النوع الثالث قروض طويلة الاجل'),
(2, 3, 3, 4, 'النوع الرابع قروض وسلف قصيرة الاجل'),
(2, 3, 3, 5, 'النوع الخامس اوراق مالية وتجارية واوراق اخرى'),
(2, 4, 1, 1, 'النوع الاول استهلاك المباني السكنية'),
(2, 4, 1, 2, 'النوع الثاني استهلاك المباني الغير سكنية'),
(2, 4, 1, 3, 'النوع الثالث استهلاك المنشات الاخرى'),
(2, 4, 2, 1, 'النوع الاول استهلاك المركبات ووسايل النقل'),
(2, 4, 2, 2, 'النوع الثاني استهلاك الماكينبات والمعدات والاجهزة الاخرى'),
(2, 4, 3, 1, 'النوع الاول استهلاك الاصول الثابتة الغير منظورة'),
(2, 4, 3, 2, 'النوع الثاني استهلاك التحصينات الكبيرة للاراضي '),
(2, 4, 3, 3, 'النوع الثالث استهلاك اصول راس مالية احرى'),
(2, 5, 1, 1, 'النوع الاول ايجار الاراضي'),
(2, 5, 1, 2, 'النوع الثاني ايجارات الاصول الجوفية والاصول الاخرى ذات المنشى الطبيعي'),
(2, 5, 1, 3, 'النوع الثالث ايجارات الاصول الغير منتجة غير المنظورة'),
(2, 5, 1, 4, 'النوع الرابع ايجارات اصول الغير منتجة اخرى'),
(3, 1, 1, 1, 'النوع الاول دعم المشتقات النفطية'),
(3, 1, 1, 2, 'النوع الثاني دعم الكهرباء'),
(3, 1, 1, 3, 'النوع الثالث اعانة العجز الجاري'),
(3, 1, 1, 4, 'النوع الرابع اخرى'),
(3, 1, 2, 1, 'النوع الاول تقييد الانواع بحسب اسم المؤسسة العامة المالية المتلقية لاعانة المالية وترفق بالكشف'),
(3, 1, 3, 1, 'النوع الاول تقييد الانواع بحسب المؤسسة او المشروع المتلقي لاعانة المالية وترفق بالكشف  '),
(3, 2, 1, 1, 'النوع الاول منح جارية لحكومات خارجية'),
(3, 2, 1, 2, 'النوع الثاني منح راس مالية لحكومات خارجية'),
(3, 2, 1, 3, 'النوع الثالث منح فنية واستشارية '),
(3, 2, 2, 1, 'النوع الاول منح جارية لمنظمات دولية'),
(3, 2, 2, 2, 'النوع الثاني منح راس مالية لمنظمات دولية'),
(3, 2, 2, 3, 'النوع الثالث منح فنية واستشارية'),
(3, 2, 3, 1, 'النوع الاول الدعم المركزي الجاري'),
(3, 2, 3, 2, 'النوع الثاني الدعم المركزي الراس مالي'),
(3, 2, 3, 3, 'النوع الثالث الحصة من الموارد العامة المشتركة'),
(3, 2, 3, 5, 'النوع الخامس منح عينةجارية لمستويات حكومية اخرى'),
(3, 2, 3, 6, 'النوع السادس منح عينة راس مالية لمستويات حكومية اخرى'),
(3, 2, 3, 7, 'النوع السابع منح فنية واستشارية'),
(3, 3, 1, 1, 'النوع الاول تصنيف الانواع بحسب نوع الضمان وترفق بالكشف'),
(3, 3, 2, 1, 'النوع الاول اعانات علاج من الخارج لغير الموظفين'),
(3, 3, 2, 2, 'النوع الثاني اعاشات لغير الموظفين'),
(3, 3, 2, 3, 'النوع الثالث اعانات ومساعدات لغير الموظفين'),
(3, 3, 2, 4, 'النوع الرابع الاعانات الشهرية لغير الموظفين '),
(3, 3, 2, 5, 'النوع الخامس المساعدات الحتماعية العينة لغير الموظفين'),
(3, 3, 2, 6, 'النوع السادس مساعدات اجتماعية لغير الموظفين'),
(3, 3, 3, 1, 'النوع الاول تعويضات انهاء الخدمة'),
(3, 3, 3, 2, 'النوع الثاني التعويضات التي تدفغ للموظف او اسرتة عند التقاعد او الفاة او الميلاد'),
(3, 3, 3, 3, 'النوع الثالث المنافع الجتماعية العينة للموظفين'),
(3, 3, 3, 4, 'النوع الرابع المنافع اجتماعية اخرى للموظفين'),
(3, 4, 1, 1, 'النوع الاول تحويلات الجارية للموسسات المقيمة غير الهادفة للربح التي تخدم الاسر المعيشية'),
(3, 4, 1, 2, 'النوع الثاني النوع الاول تحويلات الراسمالية للموسسات المقيمة غير الهادفة للربح التي تخدم الاسر المعيشية'),
(3, 4, 2, 1, 'النوع الاول النوع الاول تحويلات الجارية للموسسات غيرالمقيمة غير الهادفة للربح التي تخدم الاسر المعيشية'),
(3, 4, 2, 2, 'النوع الثاني الاول تحويلات الراسماليةللموسسات غيرالمقيمة غير الهادفة للربح التي تخدم الاسر المعيشية'),
(3, 4, 3, 1, 'النوع الاول  تحويلات الراسمالية للموسسات العامه غير المالية'),
(3, 4, 3, 2, 'النوع الثاني  تحويلات الراسمالية للموسسات العامه  المالية'),
(3, 4, 3, 3, 'النوع الثالث  تحويلات الراسمالية للموسسات ومشاريع اخرى مفيمة'),
(3, 4, 4, 1, 'النوع الاول  تحويلات الراسمالية للموسسات غير المالية'),
(3, 4, 4, 2, 'النوع الثاني  تحويلات الراسمالية للموسسات  المالية'),
(3, 4, 4, 3, 'النوع الثالث تحويلات الراسمالية للموسسات  ومشاريع اخرى غير مقيمة'),
(3, 4, 5, 1, 'النوع الاول تقيد بقية الانواع بحسب الغرض من التحويل الراسمالي وترفق بالكشف'),
(3, 4, 6, 1, 'النوع الاول البعثات الدراسية'),
(3, 4, 6, 2, 'النوع الثاني التعويضات والغرامات والنفقات الطارئة'),
(4, 1, 1, 1, 'النوع الاول اكتساب المباني السكنية'),
(4, 1, 1, 2, 'النوع الثاني اكتساب المباني غير السكنية'),
(4, 1, 1, 3, 'النوع الثالث اكتساب انشاءات اخرى '),
(4, 1, 2, 1, ' النوع الاول اكتساب المركبات ووسايل النقل'),
(4, 1, 2, 2, 'النوع الثاني اكتساب اثاث ومعدات واجهزات المكاتب'),
(4, 1, 2, 3, 'النوع الثالث اكتساب ماكينات معدات اخرى'),
(4, 1, 3, 1, 'النوع الاول اكتساب اصول حيوانية ونباتية'),
(4, 1, 3, 2, 'النوع الثاني اكتساب الاصول الثابتة الغير منظورة'),
(4, 1, 3, 3, 'النوع الثالث اخرى'),
(4, 2, 1, 1, ' النوع الاول اكتساب المخزون الاستراتيجي من النفط'),
(4, 2, 1, 2, 'النوع الثاني اكتساب المخزون الاستراتيجي من الحبوب'),
(4, 2, 1, 3, 'النوع الثالث (تقييد بقية الانواع بحسب نوع المخزون الاستراتيجي المكتسب وترفق بالكشف'),
(4, 2, 2, 1, 'النوع الاول اكتساب مخزونات اخرى'),
(4, 3, 1, 1, 'النوع الاول اكتساب اراضي زراعية'),
(4, 3, 1, 2, 'النوع الثاني  اكتساب اراضي صناعية'),
(4, 3, 1, 3, 'النوع الثالث اكتساب اراضي تجارية'),
(4, 3, 1, 4, 'النوع الرابع اكتساب اراضي سكنية'),
(4, 3, 1, 5, 'النوع الخامس اكتساب اراضي اخرى'),
(4, 3, 2, 1, 'النوع الاول اكتساب احتياطات من النفط والغاز الطبيعي'),
(4, 3, 2, 2, 'النوع الثاني  اكتساب احتياطات من الرواسب الجوفية المعدنية '),
(4, 3, 2, 3, 'النوع الثالث  اكتساب احتياطات من الرواسب الجوفية غيرالمعدنية '),
(4, 3, 3, 1, 'النوع الاول  اكتساب  اصول غير منتجة غير منظورة'),
(4, 3, 4, 1, 'النوع الاول  اكتساب  اصول اخرى طبيعية المنشأ'),
(4, 3, 4, 2, 'النوع الثاني  اخرى'),
(5, 1, 1, 1, 'النوع الاول  السندات'),
(5, 1, 1, 2, 'النوع الثاني الاذون'),
(5, 1, 1, 3, 'النوع الثالث  ااخرى'),
(5, 1, 2, 1, 'النوع الاول الاقراض لمستويات حكومية اخرى'),
(5, 1, 2, 2, 'النوع الثاني الاقراض للمؤسسات العامة غير المالية '),
(5, 1, 2, 3, 'النوع الثالث الاقراض للمؤسسات العامة  المالية '),
(5, 1, 2, 4, 'النوع الرابع  الاقراض للمؤسسات وجهات محلية اخرى'),
(5, 1, 3, 1, 'النوع الاول المساهمات وحقوق الملكية الاخرى في المؤسسات العامة غير المالية المحلية'),
(5, 1, 3, 2, 'النوع الثاني  المساهمات وحقوق الملكية الاخرى في المؤسسات العامة  المالية المحلية'),
(5, 1, 3, 3, 'النوع الثالث  المساهمات وحقوق الملكية الاخرى في المؤسسات  المحلية الاخرى'),
(5, 2, 1, 1, 'النوع الاول السندات'),
(5, 2, 1, 2, 'النوع الثاني الاذون'),
(5, 2, 1, 3, 'النوع الثالث اخرى'),
(5, 2, 2, 1, 'النوع الاول الاقراض لحكومات خارجية'),
(5, 2, 2, 2, 'النوع الثاني الاقراض لمنظمات دولية'),
(5, 2, 2, 3, 'النوع الثالث  الاقراض للموسسات غير المالية الخارجية'),
(5, 2, 2, 4, 'النوع الرابع  الاقراض للموسسات   المالية الخارجية'),
(5, 2, 2, 5, 'النوع الخامس  الاقراض للموسسات خارجية اخرى'),
(5, 2, 3, 1, 'النوع الاول  مساهمات وحقوق الملكية الاخرى في المنظمات الدولية'),
(5, 2, 3, 2, 'النوع الثاني  مساهمات وحقوق الملكية الاخرى في الموسسات غير المالية العاملة في الخارج '),
(5, 2, 3, 3, 'النوع الثالث  مساهمات وحقوق الملكية الاخرى في الموسسات  المالية العاملة في الخارج'),
(5, 2, 3, 4, 'النوع الرابع  مساهمات وحقوق الملكية الاخرى في الموسسات المحلية والمختلطة والاخرى العاملة في الخارج'),
(5, 3, 1, 1, 'النوع الاول سندات طويلة الاجل على الخزانة العامة '),
(5, 3, 1, 2, 'النوع الثاني  سندات واذونات قصيرة الاجل على الخزانة العامة'),
(5, 3, 1, 3, 'النوع الثالث  اوراق مالية محلية اخرى بخلاف الاسهم'),
(5, 3, 2, 1, 'النوع الاول   سداد القروض طويلة الاجل '),
(5, 3, 2, 2, 'النوع الثاني سداد القروض والسلف قصيرة الاجل'),
(5, 3, 2, 3, 'النوع الثالث سداد القروض محلية اخرى'),
(5, 4, 1, 1, 'النوع الاول سندات طويلة الاجل على الخزانةالعامة'),
(5, 4, 1, 2, 'النوع الثاني  سندات  واذونات قصيرة الاجل  على الخزانةالعامة'),
(5, 4, 1, 3, 'النوع الثالث اوراق مالية خارجية اخرى بخلاف الاسهم'),
(5, 4, 2, 1, 'النوع الاول سدادات القروض طويلة الاجل'),
(5, 4, 2, 2, 'النوع الثاني  سدادات القروض والسلف قصيرة الاجل'),
(5, 4, 2, 3, 'النوع الثالث سدادات قروض خارجية اخرى');

-- --------------------------------------------------------

--
-- بنية الجدول `type_res`
--

CREATE TABLE IF NOT EXISTS `type_res` (
  `Num_babid` int(11) NOT NULL,
  `Num_faslid` int(11) NOT NULL,
  `Num_bandid` int(11) NOT NULL,
  `Num_typeid` int(11) NOT NULL,
  `Name_type` text CHARACTER SET cp1256 NOT NULL,
  PRIMARY KEY (`Num_babid`,`Num_faslid`,`Num_bandid`,`Num_typeid`)
) ENGINE=InnoDB DEFAULT CHARSET=latin1;

--
-- إرجاع أو استيراد بيانات الجدول `type_res`
--

INSERT INTO `type_res` (`Num_babid`, `Num_faslid`, `Num_bandid`, `Num_typeid`, `Name_type`) VALUES
(1, 2, 1, 1, 'ضريبة المرتبات والأجور وما في حكمها على العاملين في الجهاز الإداري للدولة'),
(1, 2, 1, 2, 'ضريبة المرتبات والأجور وما في حكمها على العاملين في القطاع العام والمختلط والتعاوني'),
(1, 2, 1, 3, 'ضريبة المرتبات والأجور وما في حكمها على العاملين في القطاع الخاص والأفراد'),
(1, 2, 1, 4, 'ضرائب أرباح المهن الحرة'),
(1, 2, 1, 5, 'الضريبة على ريع العقارات والأراضي'),
(1, 2, 1, 6, 'الضريبة على الدخل من التصرفات والمبيعات العقارية'),
(1, 2, 1, 7, 'ضرائب دخل أخرى على الأفراد '),
(1, 2, 2, 1, 'الضريبة على أرباح مؤسسات وشركات القطاع العام'),
(1, 2, 2, 2, 'الضريبة على أرباح مؤسسات وشركات القطاع المختلط والتعاوني'),
(1, 2, 2, 3, 'الضريبة على أرباح مؤسسات وشركات الأموال'),
(1, 2, 2, 4, 'الضريبة على أرباح مؤسسات وشركات الأشخاص'),
(1, 2, 2, 5, 'الضرائب على دخل شركات النفط والمعادن الأجنبية'),
(1, 2, 2, 6, 'الضريبة على أرباح الأفراد'),
(1, 2, 2, 7, 'ضرائب دخل شركات ومؤسسات ومشروعات أخرى  '),
(1, 2, 3, 1, 'الغرامات الضريبية غير المحددة'),
(1, 2, 3, 2, 'ضرائب دخل أخرى'),
(1, 3, 1, 1, 'ضرائب كسب العمل على المهن الحرة'),
(1, 4, 1, 1, 'الضرائب المتكررة على الأراضي'),
(1, 4, 1, 2, 'الضرائب المتكررة على المباني والإنشاءات الأخرى'),
(1, 4, 2, 1, '(تصنف إلى أنواع حسب نوع الأصل ، أو المصدر'),
(1, 4, 3, 1, 'رسوم نقل ملكية الأراضي'),
(1, 4, 3, 2, 'رسوم نقل ملكية العقارات'),
(1, 4, 3, 3, 'رسوم نقل ملكية وسائل النقل'),
(1, 4, 3, 4, ' رسوم أخرى'),
(1, 4, 4, 1, 'ضرائب غير متكررة أخرى على الملكية'),
(1, 4, 5, 1, 'ضرائب متكررة أخرى على الملكية'),
(1, 5, 1, 1, 'ضريبة مبيعات المحروقات'),
(1, 5, 1, 2, 'ضريبة مبيعات السجائر المستوردة'),
(1, 5, 1, 3, 'ضريبة مبيعات السجائر المنتجة محلياً'),
(1, 5, 1, 4, 'ضريبة مبيعات القات'),
(1, 5, 1, 5, 'ضريبة مبيعات على المنتجات الصناعية المحلية الأخرى'),
(1, 5, 1, 6, 'ضريبة المبيعات على الواردات من السيارات ووسائل النقل المختلفة'),
(1, 5, 1, 7, 'ضريبة المبيعات على الواردات من الآلات والمعدات والأجهزة الكهربائية'),
(1, 5, 1, 8, 'ضريبة المبيعات على الواردات من الأدوية والأجهزة والمعدات الطبية'),
(1, 5, 1, 9, 'ضريبة المبيعات على الواردات من الآلات والمعدات والأجهزة بما فيها الإلكترونية (ماعدا الكهربائية والطبية)'),
(1, 5, 1, 10, 'ضريبة المبيعات على الواردات من قطع الغيار'),
(1, 5, 1, 11, 'ضريبة المبيعات على الواردات من مواد البناء والكهرباء'),
(1, 5, 1, 12, ''),
(1, 5, 1, 13, 'ضريبة المبيعات على خدمات الهاتف الثابت والنقال'),
(1, 5, 1, 14, 'ضريبة المبيعات على الخدمات الفندقية والمطاعم (السياحية)'),
(1, 5, 1, 15, 'ضريبة المبيعات على خدمات النقل الجوي'),
(1, 5, 1, 16, 'ضريبة المبيعات على الخدمات الأخرى'),
(1, 5, 2, 1, '(تصنف إلى أنواع حسب نوع السلعة'),
(1, 5, 3, 1, 'ضرائب مبيعات تذاكر السينما والفيديو والكاسيت والمهرجانات والفعاليات الرياضية'),
(1, 5, 3, 2, 'الرسم المضاف على فواتير استهلاك الكهرباء والمياه والتلفون'),
(1, 5, 3, 3, 'الرسم المضاف على تذاكر السفر لصالح السلطة المحلية '),
(1, 5, 3, 4, 'الضرائب على خدمات نوعية أخرى'),
(1, 5, 4, 1, 'الضريبة على المركبات'),
(1, 5, 4, 2, 'رخص وسائل النقل'),
(1, 5, 4, 3, 'رسوم تراخيص مزاولة العمل (محلي)'),
(1, 5, 4, 4, 'رسوم تراخيص مزاولة العمل (مشترك) '),
(1, 5, 4, 5, 'رسوم رخص الأعمال الفنية'),
(1, 5, 4, 6, 'إيرادات رخص مزاولة مهنة الاستيراد'),
(1, 5, 4, 7, 'إيرادات رخص مزاولة مهنة التصدير'),
(1, 5, 4, 8, 'رسوم استخدام أجهزة الاتصالات ذات الترددات'),
(1, 5, 4, 9, 'أخــــرى'),
(1, 5, 5, 1, 'ضرائب أخرى على السلع والخدمات'),
(1, 6, 1, 1, 'الرسوم الجمركية على السيارات ووسائل النقل المختلفة'),
(1, 6, 1, 2, 'الرسوم الجمركية على الآلات والمعدات والأجهزة الكهربائية'),
(1, 6, 1, 3, 'الرسوم الجمركية على الأدوية والأجهزة والمعدات الطبية'),
(1, 6, 1, 4, 'الرسوم الجمركية على الآلات والمعدات والأجهزة بما فيها الإلكترونية (ماعدا الكهربائية والطبية)'),
(1, 6, 1, 5, 'الرسوم الجمركية على قطع الغيار'),
(1, 6, 1, 6, 'الرسوم الجمركية على مواد البناء والكهرباء'),
(1, 6, 1, 7, 'رسوم جمركية أخــرى'),
(1, 6, 2, 1, 'رسوم استيراد حيوانات حية'),
(1, 6, 2, 2, 'رسوم استيراد أخرى'),
(1, 6, 3, 1, 'الضريبة على الصادرات من القات'),
(1, 6, 3, 2, 'الضرائب على الصادرات الأخرى'),
(1, 6, 7, 1, 'إيرادات الغرامات والمصادرات الجمركية'),
(1, 6, 7, 2, 'ضرائب ورسوم أخرى'),
(1, 7, 1, 1, 'الغرامات والجزاءات الضريبية والجمركية المدفوعة من شركات الأعمال'),
(1, 7, 1, 2, 'أخرى'),
(1, 7, 1, 3, 'منح فنية واستشارية'),
(1, 7, 2, 1, 'ضرائب أخرى بخلاف المدفوعة من شركات الأعمال'),
(2, 1, 1, 1, 'منح نقدية جارية من حكومات خارجية'),
(2, 1, 1, 2, 'منح عينية جارية من حكومات خارجية'),
(2, 1, 2, 1, 'منح نقدية رأسمالية من حكومات خارجية'),
(2, 1, 2, 2, 'منح عينية رأسمالية من حكومات خارجية'),
(2, 1, 2, 3, 'منح فنية واستشارية'),
(2, 2, 1, 1, 'منح نقدية جارية من منظمات دولية'),
(2, 2, 1, 2, 'منح عينية جارية من منظمات دولية'),
(2, 2, 1, 3, 'منح فنية واستشارية'),
(2, 2, 2, 1, 'منح نقدية رأسمالية من منظمات دولية'),
(2, 2, 2, 2, 'منح عينية رأسمالية من منظمات دولية'),
(2, 2, 2, 3, 'منح فنية واستشارية'),
(2, 3, 1, 1, 'الدعم المركزي الجاري'),
(2, 3, 1, 2, 'منح عينية جارية من مستويات حكومية أخرى'),
(2, 3, 1, 3, 'منح فنية واستشارية'),
(2, 3, 2, 1, 'الدعم المركزي الرأسمالي'),
(2, 3, 2, 2, 'الحصة من الموارد العامة المشتركة'),
(2, 3, 2, 3, 'الحصة من الموارد المشتركة'),
(2, 3, 2, 4, 'منح عينية رأسمالية من مستويات حكومية أخرى'),
(2, 3, 2, 5, 'منح فنية واستشارية'),
(3, 1, 1, 1, 'الفائدة المحصلة من وحدات أخرى بالحكومة العامة'),
(3, 1, 1, 2, 'الفائدة المحصلة من غير المقيمين'),
(3, 1, 1, 3, 'الفائدة المحصلة من غير المقيمين'),
(3, 1, 2, 1, 'فائض أرباح الحكومة من القطاع الزراعي والسمكي'),
(3, 1, 2, 2, 'فائض أرباح الحكومة من القطاع الصناعي'),
(3, 1, 2, 3, 'فائض أرباح الحكومة من قطاع النقل والاتصالات'),
(3, 1, 2, 4, 'فائض أرباح الحكومة من القطاع التجاري'),
(3, 1, 2, 5, 'فائض أرباح الحكومة من القطاع المالي والمصرفي'),
(3, 1, 2, 6, 'فائض أرباح الحكومة من قطاع الإنشاءات والتعمير'),
(3, 1, 2, 7, 'فائض أرباح الحكومة من قطاع النفط والمعادن'),
(3, 1, 2, 8, 'فائض أرباح الحكومة من مؤسسات ومشاريع أخرى'),
(3, 1, 4, 1, 'مبيعات نفط خام مصدر'),
(3, 1, 4, 2, 'مبيعات نفط خام مستهلك محلياً'),
(3, 1, 4, 3, 'مبيعات غاز مصدر'),
(3, 1, 4, 4, 'مبيعات غاز مستهلك محلياً'),
(3, 1, 4, 5, 'منح توقيع الاتفاقيات النفطية والتعدين'),
(3, 1, 4, 6, 'منح الإنتاج للشركات الأجنبية النفطية والمعدنية والغاز'),
(3, 1, 4, 7, 'عمولة الامتياز على عمليات الإنتاج النفطي والمعدني والغاز'),
(3, 1, 4, 8, 'الضريبة على الشركات في مرحلة الاستكشافات النفطية والمعدنية والغاز'),
(3, 1, 4, 9, 'منح التدريب والدعم المؤسسي'),
(3, 1, 4, 10, 'مبيعات المعادن'),
(3, 1, 4, 11, 'إيجارات الأراضي الحكومية الزراعية'),
(3, 1, 4, 12, 'إيجارات الأراضي الحكومية غير الزراعية '),
(3, 1, 4, 13, 'مبيعات المحاجر'),
(3, 1, 4, 14, 'إيرادات أخرى'),
(3, 2, 1, 1, 'مبيعات الحاصلات الزراعية'),
(3, 2, 1, 2, 'مبيعات الدواجن والثروة الحيوانية'),
(3, 2, 1, 3, 'مبيعات الثروة السمكية'),
(3, 2, 1, 4, 'إيرادات أرقام وسائل النقل'),
(3, 2, 1, 5, 'إيرادات الكتب المدرسية'),
(3, 2, 1, 6, 'مبيعات منشآت سوقية أخرى'),
(3, 2, 2, 1, 'رسوم تخطيط واستشارات'),
(3, 2, 2, 2, 'رسوم تراخيص البناء وتجديدها'),
(3, 2, 2, 3, 'إيرادات السجل التجاري والصناعي'),
(3, 2, 2, 4, 'رسوم مختبرات فحص الجودة'),
(3, 2, 2, 5, 'رسوم توثيق العقود'),
(3, 2, 2, 6, 'رسوم قضائية'),
(3, 2, 2, 7, 'رسوم النوادي والجمعيات'),
(3, 2, 2, 8, 'رسوم رخص حيازة الأسلحة'),
(3, 2, 2, 9, 'رسوم ري وحفر الآبار'),
(3, 2, 2, 10, 'رسوم المسالخ وأسواق اللحوم والأسماك'),
(3, 2, 2, 11, 'إيرادات جوازات السفر'),
(3, 2, 2, 12, 'رسوم تصاريح العمل والإقامة لغير اليمنيين وتمديداتها'),
(3, 2, 2, 13, 'رسوم سياحية'),
(3, 2, 2, 14, 'رسوم قنصلية'),
(3, 2, 2, 15, 'إيرادات البطاقات الشخصية والعائلية'),
(3, 2, 2, 16, 'رسوم شهادات المواليد والوفيات'),
(3, 2, 2, 17, 'رسوم رخص القيادة'),
(3, 2, 2, 18, 'رسوم إدارية أخرى'),
(3, 2, 3, 1, 'إيجارات المباني الحكومية'),
(3, 2, 3, 2, 'إيجارات الآلات والمعدات'),
(3, 2, 3, 3, 'إيرادات المطبوعات الحكومية'),
(3, 2, 3, 4, 'عائدات الورش'),
(3, 2, 3, 5, 'إيرادات الطرقات'),
(3, 2, 3, 6, 'إيرادات المراكز والمعاهد العلمية'),
(3, 2, 3, 7, 'رسوم استمارات وتسجيل'),
(3, 2, 3, 8, 'رسوم امتحانات وشهادات'),
(3, 2, 3, 9, 'رسوم مكافحة الآفات الزراعية'),
(3, 2, 3, 10, 'رسوم مبيدات ولقاحات وأسمدة'),
(3, 2, 3, 11, 'إيرادات تذاكر المعاينة'),
(3, 2, 3, 12, 'إيرادات مخابر وأشعة'),
(3, 2, 3, 13, 'إيرادات رقود وعمليات'),
(3, 2, 3, 14, 'إيرادات شهادات صحية'),
(3, 2, 3, 15, 'إيرادات الحجر الصحي'),
(3, 2, 3, 16, 'رسوم النظافة'),
(3, 2, 3, 17, 'رسوم الطرود الواردة'),
(3, 2, 3, 18, 'رسوم المتاحف'),
(3, 2, 3, 19, 'مبيعات عرضية أخرى للمنشآت غير السوقية'),
(3, 2, 4, 1, '(تصنف إلى أنواع حسب نوع أو طبيعة السلع والخدمات المباعة'),
(3, 3, 1, 1, 'إيرادات الجزاءات'),
(3, 3, 2, 1, 'الغرامات والمصادرات (محلية)'),
(3, 3, 2, 2, 'الغرامات والمصادرات (مشتركة)'),
(3, 3, 3, 1, 'الغرامات والجزاءات والمصادرات الأخرى'),
(3, 4, 1, 1, 'التحويلات الطوعية الجارية بخلاف المنح من المقيمين'),
(3, 4, 1, 2, 'التحويلات الطوعية الجارية بخلاف المنح من غير المقيمين'),
(3, 4, 2, 1, 'التحويلات الطوعية الرأسمالية بخلاف المنح من المقيمين'),
(3, 4, 2, 2, 'التحويلات الطوعية الرأسمالية بخلاف المنح من غير المقيمين'),
(3, 5, 1, 1, 'الإيرادات العامة المشتركة المخصصة من موارد الصناديق'),
(3, 5, 1, 2, 'الخردة والنفايات'),
(3, 5, 1, 3, 'تعويضات إتلاف ممتلكات حكومية بخلاف المتحصلات الناشئة عن دعاوي قضائية'),
(3, 5, 1, 4, 'المسترد من نفقات الموازنة عن سنين سابقة'),
(3, 5, 1, 5, 'إيرادات متنوعة أخرى'),
(4, 1, 1, 1, 'مبيعات المباني السكنية'),
(4, 1, 1, 2, 'مبيعات المباني غير السكنية'),
(4, 1, 1, 3, 'مبيعات الإنشاءات الأخرى'),
(4, 1, 2, 1, 'مبيعات المركبات ووسائل النقل'),
(4, 1, 2, 2, 'مبيعات أثاث ومعدات وأجهزة المكاتب'),
(4, 1, 2, 3, 'مبيعات ماكينات ومعدات أخرى'),
(4, 1, 3, 1, 'مبيعات الأصول الحيوانية والنباتية'),
(4, 1, 3, 2, 'مبيعات الأصول الثابتة غير المنظورة'),
(4, 1, 3, 3, 'أخـرى'),
(4, 2, 1, 1, 'مبيعات المخزون الاستراتيجي من النفط'),
(4, 2, 1, 2, 'مبيعات المخزون الاستراتيجي من الحبوب'),
(4, 2, 1, 3, '(بقية الأنواع تقيد بحسب نوع المخزون الاستراتيجي المباع)'),
(4, 2, 2, 1, 'مبيعات مخزونات أخرى'),
(4, 3, 1, 1, 'مبيعات أراضي زراعية'),
(4, 3, 1, 2, 'مبيعات أراضي صناعية'),
(4, 3, 1, 3, 'مبيعات أراضي تجارية'),
(4, 3, 1, 4, 'مبيعات أراضي سكنية'),
(4, 3, 1, 5, 'مبيعات أراضي أخرى'),
(4, 3, 2, 1, 'مبيعات الاحتياطيات من النفط والغاز الطبيعي'),
(4, 3, 2, 2, 'مبيعات الاحتياطيات من الرواسب الجوفية المعدنية'),
(4, 3, 2, 3, 'مبيعات الاحتياطيات من الرواسب الجوفية غير المعدنية'),
(4, 3, 3, 1, 'مبيعات أصول غير منتجة غير منظورة'),
(4, 3, 4, 1, 'مبيعات أصول أخرى طبيعية المنشأ'),
(4, 3, 4, 2, 'أخــرى'),
(5, 1, 1, 1, 'السندات'),
(5, 1, 1, 2, 'الأذون'),
(5, 1, 1, 3, 'أخرى'),
(5, 1, 2, 1, 'متحصلات الإقراض المقدم لمستويات حكومية أخرى'),
(5, 1, 2, 2, 'متحصلات الإقراض المقدم للمؤسسات العامة غير المالية'),
(5, 1, 2, 3, 'متحصلات الإقراض المقدم للمؤسسات العامة المالية'),
(5, 1, 2, 4, 'متحصلات الإقراض المقدم لمؤسسات وجهات محلية أخرى'),
(5, 1, 3, 1, 'المتحصلات من بيع الأسهم وحقوق الملكية الأخرى في المؤسسات العامة غير المالية'),
(5, 1, 3, 2, 'المتحصلات من بيع الأسهم وحقوق الملكية الأخرى في المؤسسات العامة المالية'),
(5, 1, 3, 3, 'المتحصلات من بيع الأسهم وحقوق الملكية الأخرى في المؤسسات الأخرى'),
(5, 2, 1, 1, 'السندات'),
(5, 2, 1, 2, 'الأذون'),
(5, 2, 1, 3, 'أخرى'),
(5, 2, 2, 1, 'متحصلات الإقراض المقدم لحكومات خارجية'),
(5, 2, 2, 2, 'متحصلات الإقراض المقدم لمنظمات دولية'),
(5, 2, 2, 3, 'متحصلات الإقراض المقدم للمؤسسات غير المالية الخارجية'),
(5, 2, 2, 4, 'متحصلات الإقراض المقدم للمؤسسات المالية الخارجية'),
(5, 2, 2, 5, 'متحصلات الإقراض المقدم لمؤسسات وجهات خارجية أخرى'),
(5, 2, 3, 1, 'المتحصلات من بيع الأسهم وحقوق الملكية الأخرى في المنظمات الدولية'),
(5, 2, 3, 2, 'المتحصلات من بيع الأسهم وحقوق الملكية الأخرى في المؤسسات غير المالية العاملة بالخارج'),
(5, 2, 3, 3, 'المتحصلات من بيع الأسهم وحقوق الملكية الأخرى في المؤسسات المالية العاملة بالخارج'),
(5, 2, 3, 4, 'المتحصلات من بيع الأسهم وحقوق الملكية الأخرى في المؤسسات المحلية والمختلطة والأخرى العاملة بالخارج'),
(5, 3, 1, 1, 'سندات طويلة الأجل على الخزانة العامة '),
(5, 3, 1, 2, 'سندات وأذونات قصيرة الأجل على الخزانة العامة'),
(5, 3, 1, 3, 'أوراق مالية محلية أخرى بخلاف الأسهم'),
(5, 3, 2, 1, 'قروض طويل الأجل'),
(5, 3, 2, 2, 'قروض وسلف قصير الأجل'),
(5, 3, 2, 3, 'قروض محلية أخرى'),
(5, 4, 1, 1, 'سندات طويلة الأجل على الخزانة العامة '),
(5, 4, 1, 2, 'سندات وأذونات قصيرة الأجل على الخزانة العامة'),
(5, 4, 1, 3, 'أوراق مالية خارجية أخرى بخلاف الأسهم'),
(5, 4, 2, 1, 'قروض طويل الأجل'),
(5, 4, 2, 2, 'قروض وسلف قصير الأجل'),
(5, 4, 2, 3, 'قروض خارجية أخرى'),
(5, 5, 1, 1, 'النقد'),
(5, 5, 1, 2, 'الودائع'),
(5, 5, 2, 1, 'النقد'),
(5, 5, 2, 2, 'الودائع');

/*!40101 SET CHARACTER_SET_CLIENT=@OLD_CHARACTER_SET_CLIENT */;
/*!40101 SET CHARACTER_SET_RESULTS=@OLD_CHARACTER_SET_RESULTS */;
/*!40101 SET COLLATION_CONNECTION=@OLD_COLLATION_CONNECTION */;
